{"cameraMode":{"drawMode":0,"name":"Shaded","section":"Shading Mode"},"sceneLighting":true,"audioPlay":false,"sceneViewState":{"showFog":true,"showMaterialUpdate":true,"showSkybox":true,"showFlares":true,"showImageEffects":true,"showParticleSystems":true},"in2DMode":false,"pivot":{"x":-10.380001068115235,"y":6.979999542236328,"z":-13.549999237060547},"rotation":{"x":0.34357181191444399,"y":0.2360764741897583,"z":-0.08966932445764542,"w":0.9045370221138},"size":60.62177658081055,"orthographic":false}